;SD;SP;SI
1;-1.428563884;-5.926913585;7.229731359
2;4.750961384;-2.261986578;-1.320203104
3;-2.953733692;7.9844178;-5.982026516
