"","SD","SP","SI"
"1",-0.943451238513394,-2.56050121760897,3.2506893213827
"2",3.74025987163034,-4.50972044601675,1.9925975295577
"3",-2.93092871836572,7.32868562452682,-5.41293644063065
